<?xml version="1.0" encoding="UTF-8" standalone="no"?>
<organizationalModel><participantTypeList><participantType code="unit" description="参与者模型" displayName="参与者模型" jointParticipantType="false" leafParticipant="false" priority="1" showAtRootArea="true"><juniorParticipantTypeCodes>position</juniorParticipantTypeCodes><juniorParticipantTypeCodes>person</juniorParticipantTypeCodes><juniorParticipantTypeCodes>role</juniorParticipantTypeCodes><juniorParticipantTypeCodes>organization</juniorParticipantTypeCodes><juniorParticipantTypeCodes>part</juniorParticipantTypeCodes><juniorParticipantTypeCodes>person</juniorParticipantTypeCodes><juniorParticipantTypeCodes>organ</juniorParticipantTypeCodes><juniorParticipantTypeCodes>post</juniorParticipantTypeCodes></participantType><participantType code="position" description="岗位" displayName="岗位" jointParticipantType="true" leafParticipant="false" priority="2" showAtRootArea="false"><juniorParticipantTypeCodes>person</juniorParticipantTypeCodes><jointTypeCodeList><jointTypeCode>role</jointTypeCode><jointTypeCode>organization</jointTypeCode></jointTypeCodeList></participantType><participantType code="role" description="角色" displayName="角色" jointParticipantType="false" leafParticipant="false" priority="3" showAtRootArea="false"><juniorParticipantTypeCodes>person</juniorParticipantTypeCodes><juniorParticipantTypeCodes>position</juniorParticipantTypeCodes></participantType><participantType code="organization" description="机构" displayName="机构" jointParticipantType="false" leafParticipant="false" priority="4" showAtRootArea="false"><juniorParticipantTypeCodes>person</juniorParticipantTypeCodes><juniorParticipantTypeCodes>organization</juniorParticipantTypeCodes><juniorParticipantTypeCodes>position</juniorParticipantTypeCodes></participantType><participantType code="part" description="角色" displayName="角色" jointParticipantType="false" leafParticipant="false" priority="3" showAtRootArea="false"><juniorParticipantTypeCodes>person</juniorParticipantTypeCodes></participantType><participantType code="organ" description="机构" displayName="机构" jointParticipantType="false" leafParticipant="false" priority="4" showAtRootArea="false"><juniorParticipantTypeCodes>person</juniorParticipantTypeCodes><juniorParticipantTypeCodes>post</juniorParticipantTypeCodes><juniorParticipantTypeCodes>organ</juniorParticipantTypeCodes></participantType><participantType code="post" description="岗位" displayName="岗位" jointParticipantType="false" leafParticipant="false" priority="2" showAtRootArea="false"><juniorParticipantTypeCodes>person</juniorParticipantTypeCodes><juniorParticipantTypeCodes>post</juniorParticipantTypeCodes></participantType><participantType code="person" description="人员" displayName="人员" jointParticipantType="false" leafParticipant="true" priority="1" showAtRootArea="false"/></participantTypeList><participantGroups><participantGroup extended="1" type="unit"><participant extended="1" id="default_om" index="1" name="默认组织机构模型" type="unit"><participant extended="1" id="rolea" index="3" name="Rolea" type="role"><participant extended="1" id="roleb" index="13" name="Roleb" type="role"><participant extended="1" id="goose" index="33" name="Goose" type="person"/><participant extended="1" id="fish" index="34" name="Fish" type="person"/><participant extended="1" id="tiger" index="35" name="Tiger" type="person"/></participant><participant extended="1" id="tiger" index="14" name="Tiger" type="person"/></participant><participant extended="1" id="rolec" index="4" name="Rolec" type="role"><participant extended="1" id="snoppy" index="15" name="Snoppy" type="person"/><participant extended="1" id="kitty" index="16" name="Kitty" type="person"/><participant extended="1" id="micky" index="17" name="Micky" type="person"/><participant extended="1" id="tiger" index="18" name="Tiger" type="person"/><participant extended="1" id="fish" index="19" name="Fish" type="person"/></participant><participant extended="1" id="10000" index="5" name="company" type="organization"><participant extended="1" id="10001" index="20" name="depta" type="organization"><participant extended="1" id="goose" index="36" name="Goose" type="person"/><participant extended="1" id="fish" index="37" name="Fish" type="person"/><participant extended="1" id="snoppy" index="38" name="Snoppy" type="person"/><participant extended="1" id="micky" index="39" name="Micky" type="person"/><participant extended="1" id="kitty" index="40" name="Kitty" type="person"/></participant><participant extended="1" id="10002" index="21" name="deptb" type="organization"><participant extended="1" id="fish" index="41" name="Fish" type="person"/><participant extended="1" id="tiger" index="42" name="Tiger" type="person"/></participant><participant extended="1" id="tiger" index="22" name="Tiger" type="person"/></participant></participant><participant extended="1" id="abc_om" index="2" name="扩展组织机构模型" type="unit"><participant extended="1" id="bpsadmin" index="6" name="流程管理员" type="part"><participant extended="1" id="sysadmin" index="23" name="sysadmin" type="person"/></participant><participant extended="1" id="eosadmin" index="7" name="系统管理员" type="part"><participant extended="1" id="sysadmin" index="24" name="sysadmin" type="person"/></participant><participant extended="1" id="role1" index="8" name="经办" type="part"><participant extended="1" id="tiger" index="25" name="Tiger" type="person"/><participant extended="1" id="fish" index="26" name="Fish" type="person"/><participant extended="1" id="goose" index="27" name="Goose" type="person"/></participant><participant extended="1" id="role2" index="9" name="审批" type="part"><participant extended="1" id="tiger" index="28" name="Tiger" type="person"/><participant extended="1" id="snoppy" index="29" name="Snoppy" type="person"/><participant extended="1" id="micky" index="30" name="Micky" type="person"/></participant><participant extended="1" id="role3" index="10" name="财务" type="part"><participant extended="1" id="kitty" index="31" name="Kitty" type="person"/></participant><participant extended="1" id="role4" index="11" name="总监" type="part"><participant extended="1" id="cheng" index="32" name="Cheng" type="person"/></participant><participant extended="1" id="role5" index="12" name="工会" type="part"/></participant></participantGroup></participantGroups></organizationalModel>